<?xml version="1.0" encoding="UTF-8" standalone="no"?><listaMediciones><medicion><horas>0.0</horas><minutos>15.0</minutos><nombre>cad1</nombre><niños>0.8</niños><jovenes>25.2</jovenes><adultos>22.43</adultos><mayores>4.81</mayores><total>53.24</total></medicion><medicion><horas>16.0</horas><minutos>30.0</minutos><nombre>cad1</nombre><niños>35.0</niños><jovenes>5.4</jovenes><adultos>17.06</adultos><mayores>19.41</mayores><total>76.86999999999999</total></medicion><medicion><horas>12.0</horas><minutos>10.0</minutos><nombre>cad2</nombre><niños>23.5</niños><jovenes>11.4</jovenes><adultos>14.5</adultos><mayores>13.1</mayores><total>62.5</total></medicion><medicion><horas>18.0</horas><minutos>5.0</minutos><nombre>cad3</nombre><niños>25.2</niños><jovenes>7.2</jovenes><adultos>17.2</adultos><mayores>14.6</mayores><total>64.19999999999999</total></medicion><medicion><horas>22.0</horas><minutos>1.0</minutos><nombre>cad1</nombre><niños>25.4</niños><jovenes>9.1</jovenes><adultos>45.1</adultos><mayores>2.4</mayores><total>82.0</total></medicion><medicion><horas>20.0</horas><minutos>9.0</minutos><nombre>cad2</nombre><niños>10.3</niños><jovenes>16.4</jovenes><adultos>90.3</adultos><mayores>9.3</mayores><total>126.3</total></medicion><medicion><horas>21.0</horas><minutos>0.0</minutos><nombre>cad2</nombre><niños>10.0</niños><jovenes>32.2</jovenes><adultos>35.2</adultos><mayores>4.7</mayores><total>82.10000000000001</total></medicion><medicion><horas>23.0</horas><minutos>0.0</minutos><nombre>cad3</nombre><niños>9.0</niños><jovenes>14.8</jovenes><adultos>16.1</adultos><mayores>11.1</mayores><total>51.00000000000001</total></medicion><medicion><horas>23.0</horas><minutos>45.0</minutos><nombre>cad1</nombre><niños>0.5</niños><jovenes>21.9</jovenes><adultos>14.3</adultos><mayores>8.9</mayores><total>45.6</total></medicion><medicion><horas>23.0</horas><minutos>12.0</minutos><nombre>cad3</nombre><niños>0.2</niños><jovenes>50.3</jovenes><adultos>43.5</adultos><mayores>6.3</mayores><total>100.3</total></medicion><medicion><horas>20.0</horas><minutos>0.0</minutos><nombre>cad3</nombre><niños>11.3</niños><jovenes>61.2</jovenes><adultos>18.9</adultos><mayores>4.1</mayores><total>95.5</total></medicion><medicion><horas>20.0</horas><minutos>20.0</minutos><nombre>cad2</nombre><niños>18.9</niños><jovenes>18.6</jovenes><adultos>16.3</adultos><mayores>20.8</mayores><total>74.6</total></medicion><medicion><horas>21.0</horas><minutos>18.0</minutos><nombre>cad1</nombre><niños>25.2</niños><jovenes>20.3</jovenes><adultos>13.9</adultos><mayores>45.9</mayores><total>105.3</total></medicion><medicion><horas>22.0</horas><minutos>12.0</minutos><nombre>cad2</nombre><niños>1.9</niños><jovenes>14.2</jovenes><adultos>10.2</adultos><mayores>63.2</mayores><total>89.5</total></medicion><medicion><horas>21.0</horas><minutos>0.0</minutos><nombre>cad2</nombre><niños>1.2</niños><jovenes>19.9</jovenes><adultos>7.3</adultos><mayores>4.1</mayores><total>32.5</total></medicion><medicion><horas>3.0</horas><minutos>30.0</minutos><nombre>cad3</nombre><niños>0.02</niños><jovenes>20.0</jovenes><adultos>9.4</adultos><mayores>13.2</mayores><total>42.620000000000005</total></medicion><medicion><horas>10.0</horas><minutos>45.0</minutos><nombre>cad2</nombre><niños>4.8</niños><jovenes>32.1</jovenes><adultos>18.1</adultos><mayores>27.1</mayores><total>82.1</total></medicion><medicion><horas>8.0</horas><minutos>22.0</minutos><nombre>cad3</nombre><niños>2.2</niños><jovenes>35.4</jovenes><adultos>23.2</adultos><mayores>19.4</mayores><total>80.19999999999999</total></medicion><medicion><horas>7.0</horas><minutos>18.0</minutos><nombre>cad3</nombre><niños>0.9</niños><jovenes>16.2</jovenes><adultos>14.9</adultos><mayores>45.1</mayores><total>77.1</total></medicion><medicion><horas>12.0</horas><minutos>0.0</minutos><nombre>cad1</nombre><niños>11.3</niños><jovenes>14.8</jovenes><adultos>6.4</adultos><mayores>18.4</mayores><total>50.9</total></medicion><medicion><horas>13.0</horas><minutos>10.0</minutos><nombre>cad2</nombre><niños>15.2</niños><jovenes>21.3</jovenes><adultos>13.7</adultos><mayores>21.3</mayores><total>71.5</total></medicion><medicion><horas>13.0</horas><minutos>5.0</minutos><nombre>cad3</nombre><niños>16.9</niños><jovenes>4.5</jovenes><adultos>20.0</adultos><mayores>14.9</mayores><total>56.3</total></medicion></listaMediciones>