<?xml version="1.0" encoding="UTF-8" standalone="no"?><listaMediciones><cad1><Madrugada>53.24</Madrugada><Mañana>50.9</Mañana><Tarde>76.86999999999999</Tarde><PrimeTime>232.89999999999998</PrimeTime><total>413.90999999999997</total></cad1><cad2><Madrugada>0.0</Madrugada><Mañana>216.1</Mañana><Tarde>137.1</Tarde><PrimeTime>204.10000000000002</PrimeTime><total>557.3</total></cad2><cad3><Madrugada>119.72</Madrugada><Mañana>136.5</Mañana><Tarde>95.5</Tarde><PrimeTime>151.3</PrimeTime><total>503.02000000000004</total></cad3></listaMediciones>